,peptide,phylum
6,GGYFPVAPVDSSQDLR,Proteobacteria
17,ALLLNPTDSDAVSNALR,Proteobacteria
26,DADNDGVVDSK,Proteobacteria
27,AFELPALPYAK,Proteobacteria
31,NGEVCPAQWEEGK,Proteobacteria
40,ALGANLVLTEAPK,Proteobacteria
77,ALNAFANPATNSYK,Proteobacteria
82,VGLSVLAGR,Proteobacteria
84,VLQLEGLAGTSAAR,Proteobacteria
93,GSFLLDEDGLVR,Proteobacteria
96,VDLSLNHEK,Proteobacteria
105,DYGFDVDVK,Proteobacteria
108,AGLGVDNVDVK,Proteobacteria
111,LLDPNVVGAEHYETAR,Proteobacteria
128,LLFPELDYDK,Proteobacteria
146,AYDVEHPEAGVAFR,Proteobacteria
151,DGDEEVPR,Proteobacteria
153,GVNAPGDVALAR,Proteobacteria
164,FDTELPDEEAEK,Proteobacteria
172,LVETGAPK,Firmicutes
194,VGDELNVK,Bacteroidetes
204,LAAQMSLDQVK,Proteobacteria
206,YEPLWALGTGK,Firmicutes
209,DTYTDPLQWESK,Proteobacteria
211,EGVASGER,Proteobacteria
244,MSSATELPTLR,Proteobacteria
248,ESGGGDLADK,Proteobacteria
253,ADLLVAAAGAPR,Proteobacteria
273,ADPSVVDK,Actinobacteria
298,FGLNANGYPTQR,Proteobacteria
